{
  "algorithms": {
    "bubble sort": {
      "empty array": 47.29999997653067,
      "array with one element": 3.599999938160181,
      "array in descending order": 85.80000000074506,
      "array with repeated elements": 10.999999940395355,
      "array in ascending order": 6.999999983236194,
      "array with negative numbers": 4.799999995157123,
      "array with large number of elements": 340017.19999988563,
      "array with large number of elements in descending order": 210189.500000095,
      "average": 68795.77499997686
    },
    "selection sort": {
      "empty array": 4.699999932199717,
      "array with one element": 2.899999963119626,
      "array in descending order": 4.699999932199717,
      "array with repeated elements": 6.300000008195639,
      "array in ascending order": 8.000000147148967,
      "array with negative numbers": 2.0000000949949026,
      "array with large number of elements": 108937.80000018887,
      "array with large number of elements in descending order": 119241.60000006668,
      "average": 28526.000000041677
    },
    "insertion sort": {
      "empty array": 3.2999999821186066,
      "array with one element": 1.0999999940395355,
      "array in descending order": 8.90000001527369,
      "array with repeated elements": 1.299999887123704,
      "array in ascending order": 16.499999910593033,
      "array with negative numbers": 1.4999997802078724,
      "array with large number of elements": 471.49999998509884,
      "array with large number of elements in descending order": 216.10000007785857,
      "average": 90.02499995403923
    },
    "merge sort": {
      "empty array": 2.4999999441206455,
      "array with one element": 1.0999999940395355,
      "array in descending order": 6.999999983236194,
      "array with repeated elements": 17.80000003054738,
      "array in ascending order": 5.000000121071935,
      "array with negative numbers": 6.099999882280827,
      "array with large number of elements": 14197.299999883398,
      "array with large number of elements in descending order": 5110.100000165403,
      "average": 2418.3625000005122
    }
  }
}