{
  "algorithms": {
    "bubble sort": {
      "empty array": 42.500000447034836,
      "array with one element": 4.200000315904617,
      "array in descending order": 85.50000004470348,
      "array with repeated elements": 11.099999770522118,
      "array in ascending order": 7.799999788403511,
      "array with negative numbers": 5.300000309944153,
      "array with large number of elements": 341851.9999999553,
      "array with large number of elements in descending order": 221954.30000126362,
      "average": 70495.33750023693
    },
    "selection sort": {
      "empty array": 5.20000047981739,
      "array with one element": 3.200000151991844,
      "array in descending order": 6.500000134110451,
      "array with repeated elements": 6.6999997943639755,
      "array in ascending order": 7.500000298023224,
      "array with negative numbers": 2.2999998182058334,
      "array with large number of elements": 120665.59999994934,
      "array with large number of elements in descending order": 138066.9000018388,
      "average": 32345.48750030808
    },
    "insertion sort": {
      "empty array": 4.0000006556510925,
      "array with one element": 1.3999994844198227,
      "array in descending order": 10.700000450015068,
      "array with repeated elements": 1.6000010073184967,
      "array in ascending order": 12.299999594688416,
      "array with negative numbers": 1.6999989748001099,
      "array with large number of elements": 522.6000007241964,
      "array with large number of elements in descending order": 179.89999987185,
      "average": 91.77500009536743
    },
    "merge sort": {
      "empty array": 4.0000006556510925,
      "array with one element": 1.3999994844198227,
      "array in descending order": 8.700000122189522,
      "array with repeated elements": 18.09999905526638,
      "array in ascending order": 5.099998787045479,
      "array with negative numbers": 5.699999630451202,
      "array with large number of elements": 13160.900000482798,
      "array with large number of elements in descending order": 6551.799999549985,
      "average": 2469.4624997209758
    }
  }
}