{
  "algorithms": {
    "bubble sort": {
      "empty array": 62.00000084936619,
      "array with one element": 7.600000128149986,
      "array in descending order": 112.29999922215939,
      "array with repeated elements": 14.399999752640724,
      "array in ascending order": 9.89999994635582,
      "array with negative numbers": 6.500000134110451,
      "array with large number of elements": 667359.6000000834,
      "array with large number of elements in descending order": 302573.19999858737,
      "average": 121268.18749983795
    },
    "selection sort": {
      "empty array": 6.399998441338539,
      "array with one element": 3.90000082552433,
      "array in descending order": 6.100000813603401,
      "array with repeated elements": 8.400000631809235,
      "array in ascending order": 9.099999442696571,
      "array with negative numbers": 2.5999993085861206,
      "array with large number of elements": 129894.50000040233,
      "array with large number of elements in descending order": 127903.1000006944,
      "average": 32229.262500070035
    },
    "insertion sort": {
      "empty array": 8.100001141428947,
      "array with one element": 4.599999636411667,
      "array in descending order": 25.699999183416367,
      "array with repeated elements": 8.19999910891056,
      "array in ascending order": 32.39999897778034,
      "array with negative numbers": 3.200000151991844,
      "array with large number of elements": 1015.9000009298325,
      "array with large number of elements in descending order": 282.99999982118607,
      "average": 172.63749986886978
    },
    "merge sort": {
      "empty array": 3.0999984592199326,
      "array with one element": 1.7999988049268723,
      "array in descending order": 10.29999926686287,
      "array with repeated elements": 21.300001069903374,
      "array in ascending order": 5.59999980032444,
      "array with negative numbers": 10.900000110268593,
      "array with large number of elements": 17986.30000092089,
      "array with large number of elements in descending order": 7507.89999961853,
      "average": 3193.399999756366
    }
  }
}